city;rent_type;rent
Abadiño;Renta total;20907
Abadiño;Renta del trabajo;13824
Abadiño;Renta capital mobiliario;967
Abadiño;Renta capital inmobiliario;262
Abadiño;Renta de actividades;695
Abadiño;Transferencias;5158
Abadiño;Renta disponible;17620
Abaltzisketa;Renta total;20659
Abaltzisketa;Renta del trabajo;12495
Abaltzisketa;Renta capital mobiliario;833
Abaltzisketa;Renta capital inmobiliario;338
Abaltzisketa;Renta de actividades;1614
Abaltzisketa;Transferencias;5379
Abaltzisketa;Renta disponible;17690
Abanto y Ciérvana-Abanto Zierbena;Renta total;17514
Abanto y Ciérvana-Abanto Zierbena;Renta del trabajo;11485
Abanto y Ciérvana-Abanto Zierbena;Renta capital mobiliario;418
Abanto y Ciérvana-Abanto Zierbena;Renta capital inmobiliario;150
Abanto y Ciérvana-Abanto Zierbena;Renta de actividades;661
Abanto y Ciérvana-Abanto Zierbena;Transferencias;4798
Abanto y Ciérvana-Abanto Zierbena;Renta disponible;14941
Aduna;Renta total;22779
Aduna;Renta del trabajo;15775
Aduna;Renta capital mobiliario;724
Aduna;Renta capital inmobiliario;610
Aduna;Renta de actividades;1506
Aduna;Transferencias;4165
Aduna;Renta disponible;19276
Agurain/Salvatierra;Renta total;17689
Agurain/Salvatierra;Renta del trabajo;11576
Agurain/Salvatierra;Renta capital mobiliario;477
Agurain/Salvatierra;Renta capital inmobiliario;257
Agurain/Salvatierra;Renta de actividades;747
Agurain/Salvatierra;Transferencias;4631
Agurain/Salvatierra;Renta disponible;15216
Aia;Renta total;20073
Aia;Renta del trabajo;12640
Aia;Renta capital mobiliario;711
Aia;Renta capital inmobiliario;371
Aia;Renta de actividades;1678
Aia;Transferencias;4673
Aia;Renta disponible;17117
Aizarnazabal;Renta total;20758
Aizarnazabal;Renta del trabajo;13186
Aizarnazabal;Renta capital mobiliario;845
Aizarnazabal;Renta capital inmobiliario;419
Aizarnazabal;Renta de actividades;949
Aizarnazabal;Transferencias;5359
Aizarnazabal;Renta disponible;17638
Ajangiz;Renta total;23604
Ajangiz;Renta del trabajo;14707
Ajangiz;Renta capital mobiliario;2009
Ajangiz;Renta capital inmobiliario;810
Ajangiz;Renta de actividades;1141
Ajangiz;Transferencias;4937
Ajangiz;Renta disponible;19511
Albiztur;Renta total;23183
Albiztur;Renta del trabajo;14315
Albiztur;Renta capital mobiliario;1636
Albiztur;Renta capital inmobiliario;427
Albiztur;Renta de actividades;1420
Albiztur;Transferencias;5386
Albiztur;Renta disponible;19703
Alegia;Renta total;18778
Alegia;Renta del trabajo;11399
Alegia;Renta capital mobiliario;707
Alegia;Renta capital inmobiliario;235
Alegia;Renta de actividades;809
Alegia;Transferencias;5628
Alegia;Renta disponible;16231
Alegría-Dulantzi;Renta total;20843
Alegría-Dulantzi;Renta del trabajo;15580
Alegría-Dulantzi;Renta capital mobiliario;514
Alegría-Dulantzi;Renta capital inmobiliario;302
Alegría-Dulantzi;Renta de actividades;998
Alegría-Dulantzi;Transferencias;3449
Alegría-Dulantzi;Renta disponible;17484
Alkiza;Renta total;21675
Alkiza;Renta del trabajo;14753
Alkiza;Renta capital mobiliario;346
Alkiza;Renta capital inmobiliario;456
Alkiza;Renta de actividades;1612
Alkiza;Transferencias;4509
Alkiza;Renta disponible;18436
Alonsotegi;Renta total;16746
Alonsotegi;Renta del trabajo;10079
Alonsotegi;Renta capital mobiliario;398
Alonsotegi;Renta capital inmobiliario;198
Alonsotegi;Renta de actividades;953
Alonsotegi;Transferencias;5118
Alonsotegi;Renta disponible;14419
Altzaga;Renta total;22029
Altzaga;Renta del trabajo;12577
Altzaga;Renta capital mobiliario;898
Altzaga;Renta capital inmobiliario;276
Altzaga;Renta de actividades;2225
Altzaga;Transferencias;6052
Altzaga;Renta disponible;18786
Altzo;Renta total;21572
Altzo;Renta del trabajo;14528
Altzo;Renta capital mobiliario;816
Altzo;Renta capital inmobiliario;370
Altzo;Renta de actividades;978
Altzo;Transferencias;4881
Altzo;Renta disponible;18299
Amezketa;Renta total;21411
Amezketa;Renta del trabajo;12425
Amezketa;Renta capital mobiliario;1308
Amezketa;Renta capital inmobiliario;262
Amezketa;Renta de actividades;1112
Amezketa;Transferencias;6305
Amezketa;Renta disponible;18121
Amorebieta-Etxano;Renta total;20108
Amorebieta-Etxano;Renta del trabajo;13319
Amorebieta-Etxano;Renta capital mobiliario;701
Amorebieta-Etxano;Renta capital inmobiliario;298
Amorebieta-Etxano;Renta de actividades;857
Amorebieta-Etxano;Transferencias;4932
Amorebieta-Etxano;Renta disponible;16885
Amoroto;Renta total;19570
Amoroto;Renta del trabajo;13129
Amoroto;Renta capital mobiliario;1276
Amoroto;Renta capital inmobiliario;262
Amoroto;Renta de actividades;627
Amoroto;Transferencias;4275
Amoroto;Renta disponible;16438
Amurrio;Renta total;18951
Amurrio;Renta del trabajo;11360
Amurrio;Renta capital mobiliario;708
Amurrio;Renta capital inmobiliario;333
Amurrio;Renta de actividades;895
Amurrio;Transferencias;5655
Amurrio;Renta disponible;16036
Andoain;Renta total;19471
Andoain;Renta del trabajo;11542
Andoain;Renta capital mobiliario;818
Andoain;Renta capital inmobiliario;302
Andoain;Renta de actividades;721
Andoain;Transferencias;6088
Andoain;Renta disponible;16703
Anoeta;Renta total;19677
Anoeta;Renta del trabajo;12470
Anoeta;Renta capital mobiliario;621
Anoeta;Renta capital inmobiliario;438
Anoeta;Renta de actividades;1055
Anoeta;Transferencias;5093
Anoeta;Renta disponible;16814
Antzuola;Renta total;25640
Antzuola;Renta del trabajo;15941
Antzuola;Renta capital mobiliario;2091
Antzuola;Renta capital inmobiliario;245
Antzuola;Renta de actividades;761
Antzuola;Transferencias;6601
Antzuola;Renta disponible;21607
Añana;Renta total;18693
Añana;Renta del trabajo;9917
Añana;Renta capital mobiliario;946
Añana;Renta capital inmobiliario;269
Añana;Renta de actividades;2797
Añana;Transferencias;4765
Añana;Renta disponible;16046
Arakaldo;Renta total;23201
Arakaldo;Renta del trabajo;16425
Arakaldo;Renta capital mobiliario;640
Arakaldo;Renta capital inmobiliario;483
Arakaldo;Renta de actividades;2803
Arakaldo;Transferencias;2850
Arakaldo;Renta disponible;18985
Arama;Renta total;29356
Arama;Renta del trabajo;18524
Arama;Renta capital mobiliario;2021
Arama;Renta capital inmobiliario;927
Arama;Renta de actividades;2173
Arama;Transferencias;5710
Arama;Renta disponible;23433
Aramaio;Renta total;23924
Aramaio;Renta del trabajo;15130
Aramaio;Renta capital mobiliario;3246
Aramaio;Renta capital inmobiliario;192
Aramaio;Renta de actividades;753
Aramaio;Transferencias;4603
Aramaio;Renta disponible;20063
Arantzazu;Renta total;22492
Arantzazu;Renta del trabajo;14203
Arantzazu;Renta capital mobiliario;867
Arantzazu;Renta capital inmobiliario;478
Arantzazu;Renta de actividades;919
Arantzazu;Transferencias;6024
Arantzazu;Renta disponible;19003
Areatza;Renta total;18856
Areatza;Renta del trabajo;11753
Areatza;Renta capital mobiliario;754
Areatza;Renta capital inmobiliario;233
Areatza;Renta de actividades;1177
Areatza;Transferencias;4939
Areatza;Renta disponible;15914
Aretxabaleta;Renta total;24483
Aretxabaleta;Renta del trabajo;14615
Aretxabaleta;Renta capital mobiliario;1905
Aretxabaleta;Renta capital inmobiliario;210
Aretxabaleta;Renta de actividades;729
Aretxabaleta;Transferencias;7025
Aretxabaleta;Renta disponible;21088
Armiñón;Renta total;17167
Armiñón;Renta del trabajo;11662
Armiñón;Renta capital mobiliario;244
Armiñón;Renta capital inmobiliario;436
Armiñón;Renta de actividades;1783
Armiñón;Transferencias;3041
Armiñón;Renta disponible;14649
Arraia-Maeztu;Renta total;19462
Arraia-Maeztu;Renta del trabajo;11042
Arraia-Maeztu;Renta capital mobiliario;870
Arraia-Maeztu;Renta capital inmobiliario;431
Arraia-Maeztu;Renta de actividades;1696
Arraia-Maeztu;Transferencias;5423
Arraia-Maeztu;Renta disponible;16578
Arrankudiaga;Renta total;23016
Arrankudiaga;Renta del trabajo;14094
Arrankudiaga;Renta capital mobiliario;2576
Arrankudiaga;Renta capital inmobiliario;498
Arrankudiaga;Renta de actividades;1235
Arrankudiaga;Transferencias;4612
Arrankudiaga;Renta disponible;19034
Arrasate/Mondragón;Renta total;22184
Arrasate/Mondragón;Renta del trabajo;12167
Arrasate/Mondragón;Renta capital mobiliario;1906
Arrasate/Mondragón;Renta capital inmobiliario;199
Arrasate/Mondragón;Renta de actividades;593
Arrasate/Mondragón;Transferencias;7318
Arrasate/Mondragón;Renta disponible;19173
Arratzu;Renta total;22129
Arratzu;Renta del trabajo;14332
Arratzu;Renta capital mobiliario;627
Arratzu;Renta capital inmobiliario;397
Arratzu;Renta de actividades;947
Arratzu;Transferencias;5826
Arratzu;Renta disponible;18557
Arratzua-Ubarrundia;Renta total;26531
Arratzua-Ubarrundia;Renta del trabajo;16980
Arratzua-Ubarrundia;Renta capital mobiliario;2148
Arratzua-Ubarrundia;Renta capital inmobiliario;987
Arratzua-Ubarrundia;Renta de actividades;1588
Arratzua-Ubarrundia;Transferencias;4828
Arratzua-Ubarrundia;Renta disponible;21611
Arrieta;Renta total;22302
Arrieta;Renta del trabajo;15883
Arrieta;Renta capital mobiliario;845
Arrieta;Renta capital inmobiliario;259
Arrieta;Renta de actividades;950
Arrieta;Transferencias;4366
Arrieta;Renta disponible;18322
Arrigorriaga;Renta total;18372
Arrigorriaga;Renta del trabajo;12440
Arrigorriaga;Renta capital mobiliario;595
Arrigorriaga;Renta capital inmobiliario;263
Arrigorriaga;Renta de actividades;797
Arrigorriaga;Transferencias;4277
Arrigorriaga;Renta disponible;15551
Artea;Renta total;22862
Artea;Renta del trabajo;14387
Artea;Renta capital mobiliario;1749
Artea;Renta capital inmobiliario;357
Artea;Renta de actividades;713
Artea;Transferencias;5656
Artea;Renta disponible;18980
Artzentales;Renta total;16498
Artzentales;Renta del trabajo;9033
Artzentales;Renta capital mobiliario;276
Artzentales;Renta capital inmobiliario;203
Artzentales;Renta de actividades;1342
Artzentales;Transferencias;5643
Artzentales;Renta disponible;14331
Artziniega;Renta total;18749
Artziniega;Renta del trabajo;12038
Artziniega;Renta capital mobiliario;497
Artziniega;Renta capital inmobiliario;183
Artziniega;Renta de actividades;1004
Artziniega;Transferencias;5027
Artziniega;Renta disponible;15862
Asparrena;Renta total;19601
Asparrena;Renta del trabajo;11888
Asparrena;Renta capital mobiliario;1269
Asparrena;Renta capital inmobiliario;174
Asparrena;Renta de actividades;1007
Asparrena;Transferencias;5263
Asparrena;Renta disponible;16660
Asteasu;Renta total;20842
Asteasu;Renta del trabajo;13019
Asteasu;Renta capital mobiliario;800
Asteasu;Renta capital inmobiliario;624
Asteasu;Renta de actividades;1574
Asteasu;Transferencias;4825
Asteasu;Renta disponible;17688
Astigarraga;Renta total;21658
Astigarraga;Renta del trabajo;15414
Astigarraga;Renta capital mobiliario;675
Astigarraga;Renta capital inmobiliario;435
Astigarraga;Renta de actividades;1299
Astigarraga;Transferencias;3834
Astigarraga;Renta disponible;18259
Ataun;Renta total;22594
Ataun;Renta del trabajo;13838
Ataun;Renta capital mobiliario;1063
Ataun;Renta capital inmobiliario;244
Ataun;Renta de actividades;1000
Ataun;Transferencias;6449
Ataun;Renta disponible;19206
Atxondo;Renta total;18891
Atxondo;Renta del trabajo;11667
Atxondo;Renta capital mobiliario;543
Atxondo;Renta capital inmobiliario;286
Atxondo;Renta de actividades;723
Atxondo;Transferencias;5672
Atxondo;Renta disponible;15993
Aulesti;Renta total;19805
Aulesti;Renta del trabajo;11566
Aulesti;Renta capital mobiliario;1890
Aulesti;Renta capital inmobiliario;298
Aulesti;Renta de actividades;938
Aulesti;Transferencias;5113
Aulesti;Renta disponible;16786
Ayala/Aiara;Renta total;20003
Ayala/Aiara;Renta del trabajo;13278
Ayala/Aiara;Renta capital mobiliario;710
Ayala/Aiara;Renta capital inmobiliario;313
Ayala/Aiara;Renta de actividades;1198
Ayala/Aiara;Transferencias;4504
Ayala/Aiara;Renta disponible;16850
Azkoitia;Renta total;20861
Azkoitia;Renta del trabajo;12745
Azkoitia;Renta capital mobiliario;1172
Azkoitia;Renta capital inmobiliario;389
Azkoitia;Renta de actividades;825
Azkoitia;Transferencias;5730
Azkoitia;Renta disponible;17802
Azpeitia;Renta total;21182
Azpeitia;Renta del trabajo;12356
Azpeitia;Renta capital mobiliario;1484
Azpeitia;Renta capital inmobiliario;396
Azpeitia;Renta de actividades;884
Azpeitia;Transferencias;6062
Azpeitia;Renta disponible;18042
Bakio;Renta total;24994
Bakio;Renta del trabajo;16447
Bakio;Renta capital mobiliario;1432
Bakio;Renta capital inmobiliario;620
Bakio;Renta de actividades;1514
Bakio;Transferencias;4981
Bakio;Renta disponible;20225
Baliarrain;Renta total;21982
Baliarrain;Renta del trabajo;15947
Baliarrain;Renta capital mobiliario;824
Baliarrain;Renta capital inmobiliario;123
Baliarrain;Renta de actividades;1120
Baliarrain;Transferencias;3967
Baliarrain;Renta disponible;18484
Balmaseda;Renta total;15747
Balmaseda;Renta del trabajo;9273
Balmaseda;Renta capital mobiliario;542
Balmaseda;Renta capital inmobiliario;227
Balmaseda;Renta de actividades;856
Balmaseda;Transferencias;4849
Balmaseda;Renta disponible;13614
Baños de Ebro/Mañueta;Renta total;15740
Baños de Ebro/Mañueta;Renta del trabajo;3304
Baños de Ebro/Mañueta;Renta capital mobiliario;359
Baños de Ebro/Mañueta;Renta capital inmobiliario;557
Baños de Ebro/Mañueta;Renta de actividades;8470
Baños de Ebro/Mañueta;Transferencias;3050
Baños de Ebro/Mañueta;Renta disponible;13228
Barakaldo;Renta total;16935
Barakaldo;Renta del trabajo;10312
Barakaldo;Renta capital mobiliario;447
Barakaldo;Renta capital inmobiliario;229
Barakaldo;Renta de actividades;602
Barakaldo;Transferencias;5345
Barakaldo;Renta disponible;14602
Barrika;Renta total;21751
Barrika;Renta del trabajo;13264
Barrika;Renta capital mobiliario;1381
Barrika;Renta capital inmobiliario;784
Barrika;Renta de actividades;1060
Barrika;Transferencias;5262
Barrika;Renta disponible;17939
Barrundia;Renta total;22785
Barrundia;Renta del trabajo;14352
Barrundia;Renta capital mobiliario;706
Barrundia;Renta capital inmobiliario;592
Barrundia;Renta de actividades;2321
Barrundia;Transferencias;4814
Barrundia;Renta disponible;18932
Basauri;Renta total;16446
Basauri;Renta del trabajo;9415
Basauri;Renta capital mobiliario;476
Basauri;Renta capital inmobiliario;214
Basauri;Renta de actividades;587
Basauri;Transferencias;5755
Basauri;Renta disponible;14271
Beasain;Renta total;24179
Beasain;Renta del trabajo;13977
Beasain;Renta capital mobiliario;3056
Beasain;Renta capital inmobiliario;387
Beasain;Renta de actividades;856
Beasain;Transferencias;5903
Beasain;Renta disponible;20162
Bedia;Renta total;18439
Bedia;Renta del trabajo;12252
Bedia;Renta capital mobiliario;521
Bedia;Renta capital inmobiliario;291
Bedia;Renta de actividades;733
Bedia;Transferencias;4642
Bedia;Renta disponible;15696
Beizama;Renta total;18252
Beizama;Renta del trabajo;11614
Beizama;Renta capital mobiliario;982
Beizama;Renta capital inmobiliario;107
Beizama;Renta de actividades;1796
Beizama;Transferencias;3752
Beizama;Renta disponible;15522
Belauntza;Renta total;21397
Belauntza;Renta del trabajo;10108
Belauntza;Renta capital mobiliario;1010
Belauntza;Renta capital inmobiliario;945
Belauntza;Renta de actividades;1451
Belauntza;Transferencias;7883
Belauntza;Renta disponible;18203
Berango;Renta total;24935
Berango;Renta del trabajo;17303
Berango;Renta capital mobiliario;1096
Berango;Renta capital inmobiliario;566
Berango;Renta de actividades;1364
Berango;Transferencias;4606
Berango;Renta disponible;20247
Berantevilla;Renta total;17077
Berantevilla;Renta del trabajo;8729
Berantevilla;Renta capital mobiliario;637
Berantevilla;Renta capital inmobiliario;544
Berantevilla;Renta de actividades;2550
Berantevilla;Transferencias;4617
Berantevilla;Renta disponible;14458
Berastegi;Renta total;20678
Berastegi;Renta del trabajo;12901
Berastegi;Renta capital mobiliario;525
Berastegi;Renta capital inmobiliario;244
Berastegi;Renta de actividades;1208
Berastegi;Transferencias;5799
Berastegi;Renta disponible;17641
Bergara;Renta total;22754
Bergara;Renta del trabajo;13230
Bergara;Renta capital mobiliario;1404
Bergara;Renta capital inmobiliario;291
Bergara;Renta de actividades;713
Bergara;Transferencias;7116
Bergara;Renta disponible;19289
Bermeo;Renta total;18279
Bermeo;Renta del trabajo;10257
Bermeo;Renta capital mobiliario;1472
Bermeo;Renta capital inmobiliario;258
Bermeo;Renta de actividades;742
Bermeo;Transferencias;5550
Bermeo;Renta disponible;15527
Bernedo;Renta total;18824
Bernedo;Renta del trabajo;10632
Bernedo;Renta capital mobiliario;587
Bernedo;Renta capital inmobiliario;276
Bernedo;Renta de actividades;2199
Bernedo;Transferencias;5130
Bernedo;Renta disponible;16148
Berriatua;Renta total;18911
Berriatua;Renta del trabajo;11483
Berriatua;Renta capital mobiliario;1084
Berriatua;Renta capital inmobiliario;330
Berriatua;Renta de actividades;998
Berriatua;Transferencias;5015
Berriatua;Renta disponible;16167
Bérriz;Renta total;20429
Bérriz;Renta del trabajo;12788
Bérriz;Renta capital mobiliario;1325
Bérriz;Renta capital inmobiliario;402
Bérriz;Renta de actividades;840
Bérriz;Transferencias;5073
Bérriz;Renta disponible;17173
Berrobi;Renta total;20274
Berrobi;Renta del trabajo;13374
Berrobi;Renta capital mobiliario;654
Berrobi;Renta capital inmobiliario;191
Berrobi;Renta de actividades;599
Berrobi;Transferencias;5456
Berrobi;Renta disponible;17260
Bidania-Goiatz;Renta total;19521
Bidania-Goiatz;Renta del trabajo;13550
Bidania-Goiatz;Renta capital mobiliario;371
Bidania-Goiatz;Renta capital inmobiliario;201
Bidania-Goiatz;Renta de actividades;1071
Bidania-Goiatz;Transferencias;4329
Bidania-Goiatz;Renta disponible;16735
Bilbao;Renta total;20526
Bilbao;Renta del trabajo;11855
Bilbao;Renta capital mobiliario;1467
Bilbao;Renta capital inmobiliario;477
Bilbao;Renta de actividades;1064
Bilbao;Transferencias;5662
Bilbao;Renta disponible;16976
Busturia;Renta total;18808
Busturia;Renta del trabajo;10945
Busturia;Renta capital mobiliario;806
Busturia;Renta capital inmobiliario;231
Busturia;Renta de actividades;795
Busturia;Transferencias;6031
Busturia;Renta disponible;15965
Campezo/Kanpezu;Renta total;17398
Campezo/Kanpezu;Renta del trabajo;9621
Campezo/Kanpezu;Renta capital mobiliario;914
Campezo/Kanpezu;Renta capital inmobiliario;260
Campezo/Kanpezu;Renta de actividades;1426
Campezo/Kanpezu;Transferencias;5176
Campezo/Kanpezu;Renta disponible;14946
Deba;Renta total;22065
Deba;Renta del trabajo;13004
Deba;Renta capital mobiliario;1359
Deba;Renta capital inmobiliario;417
Deba;Renta de actividades;1019
Deba;Transferencias;6266
Deba;Renta disponible;18633
Derio;Renta total;19557
Derio;Renta del trabajo;13220
Derio;Renta capital mobiliario;690
Derio;Renta capital inmobiliario;346
Derio;Renta de actividades;928
Derio;Transferencias;4374
Derio;Renta disponible;16652
Dima;Renta total;21606
Dima;Renta del trabajo;14907
Dima;Renta capital mobiliario;660
Dima;Renta capital inmobiliario;479
Dima;Renta de actividades;1052
Dima;Transferencias;4507
Dima;Renta disponible;18101
Donostia / San Sebastián;Renta total;24552
Donostia / San Sebastián;Renta del trabajo;13447
Donostia / San Sebastián;Renta capital mobiliario;2226
Donostia / San Sebastián;Renta capital inmobiliario;842
Donostia / San Sebastián;Renta de actividades;1355
Donostia / San Sebastián;Transferencias;6682
Donostia / San Sebastián;Renta disponible;20206
Durango;Renta total;22099
Durango;Renta del trabajo;14236
Durango;Renta capital mobiliario;1373
Durango;Renta capital inmobiliario;406
Durango;Renta de actividades;1265
Durango;Transferencias;4819
Durango;Renta disponible;18235
Ea;Renta total;19788
Ea;Renta del trabajo;10872
Ea;Renta capital mobiliario;1797
Ea;Renta capital inmobiliario;240
Ea;Renta de actividades;1197
Ea;Transferencias;5682
Ea;Renta disponible;16649
Eibar;Renta total;22937
Eibar;Renta del trabajo;11774
Eibar;Renta capital mobiliario;3165
Eibar;Renta capital inmobiliario;395
Eibar;Renta de actividades;741
Eibar;Transferencias;6862
Eibar;Renta disponible;19293
Elantxobe;Renta total;16778
Elantxobe;Renta del trabajo;8274
Elantxobe;Renta capital mobiliario;705
Elantxobe;Renta capital inmobiliario;133
Elantxobe;Renta de actividades;586
Elantxobe;Transferencias;7079
Elantxobe;Renta disponible;14593
Elburgo/Burgelu;Renta total;22737
Elburgo/Burgelu;Renta del trabajo;15476
Elburgo/Burgelu;Renta capital mobiliario;724
Elburgo/Burgelu;Renta capital inmobiliario;769
Elburgo/Burgelu;Renta de actividades;1828
Elburgo/Burgelu;Transferencias;3941
Elburgo/Burgelu;Renta disponible;18737
Elciego;Renta total;20020
Elciego;Renta del trabajo;9999
Elciego;Renta capital mobiliario;1468
Elciego;Renta capital inmobiliario;369
Elciego;Renta de actividades;3185
Elciego;Transferencias;5000
Elciego;Renta disponible;16527
Elduain;Renta total;23877
Elduain;Renta del trabajo;15679
Elduain;Renta capital mobiliario;550
Elduain;Renta capital inmobiliario;158
Elduain;Renta de actividades;728
Elduain;Transferencias;6762
Elduain;Renta disponible;19828
Elgeta;Renta total;22787
Elgeta;Renta del trabajo;14913
Elgeta;Renta capital mobiliario;1097
Elgeta;Renta capital inmobiliario;368
Elgeta;Renta de actividades;1303
Elgeta;Transferencias;5107
Elgeta;Renta disponible;19366
Elgoibar;Renta total;21714
Elgoibar;Renta del trabajo;13031
Elgoibar;Renta capital mobiliario;1366
Elgoibar;Renta capital inmobiliario;361
Elgoibar;Renta de actividades;713
Elgoibar;Transferencias;6243
Elgoibar;Renta disponible;18336
Elorrio;Renta total;21003
Elorrio;Renta del trabajo;12977
Elorrio;Renta capital mobiliario;1594
Elorrio;Renta capital inmobiliario;288
Elorrio;Renta de actividades;745
Elorrio;Transferencias;5398
Elorrio;Renta disponible;17697
Elvillar/Bilar;Renta total;15904
Elvillar/Bilar;Renta del trabajo;4623
Elvillar/Bilar;Renta capital mobiliario;910
Elvillar/Bilar;Renta capital inmobiliario;309
Elvillar/Bilar;Renta de actividades;6430
Elvillar/Bilar;Transferencias;3632
Elvillar/Bilar;Renta disponible;13966
Erandio;Renta total;16001
Erandio;Renta del trabajo;9917
Erandio;Renta capital mobiliario;364
Erandio;Renta capital inmobiliario;203
Erandio;Renta de actividades;684
Erandio;Transferencias;4833
Erandio;Renta disponible;13915
Ereño;Renta total;23088
Ereño;Renta del trabajo;13461
Ereño;Renta capital mobiliario;1595
Ereño;Renta capital inmobiliario;626
Ereño;Renta de actividades;1179
Ereño;Transferencias;6226
Ereño;Renta disponible;18659
Ermua;Renta total;17660
Ermua;Renta del trabajo;10869
Ermua;Renta capital mobiliario;581
Ermua;Renta capital inmobiliario;218
Ermua;Renta de actividades;664
Ermua;Transferencias;5328
Ermua;Renta disponible;15173
Errenteria;Renta total;17440
Errenteria;Renta del trabajo;10192
Errenteria;Renta capital mobiliario;453
Errenteria;Renta capital inmobiliario;255
Errenteria;Renta de actividades;718
Errenteria;Transferencias;5822
Errenteria;Renta disponible;15168
Errezil;Renta total;17701
Errezil;Renta del trabajo;10274
Errezil;Renta capital mobiliario;829
Errezil;Renta capital inmobiliario;211
Errezil;Renta de actividades;1296
Errezil;Transferencias;5091
Errezil;Renta disponible;15531
Erriberagoitia/Ribera Alta;Renta total;20898
Erriberagoitia/Ribera Alta;Renta del trabajo;13147
Erriberagoitia/Ribera Alta;Renta capital mobiliario;392
Erriberagoitia/Ribera Alta;Renta capital inmobiliario;425
Erriberagoitia/Ribera Alta;Renta de actividades;2134
Erriberagoitia/Ribera Alta;Transferencias;4800
Erriberagoitia/Ribera Alta;Renta disponible;17610
Errigoiti;Renta total;20468
Errigoiti;Renta del trabajo;11155
Errigoiti;Renta capital mobiliario;971
Errigoiti;Renta capital inmobiliario;514
Errigoiti;Renta de actividades;1984
Errigoiti;Transferencias;5844
Errigoiti;Renta disponible;17112
Eskoriatza;Renta total;23103
Eskoriatza;Renta del trabajo;13489
Eskoriatza;Renta capital mobiliario;1671
Eskoriatza;Renta capital inmobiliario;280
Eskoriatza;Renta de actividades;712
Eskoriatza;Transferencias;6951
Eskoriatza;Renta disponible;20090
Etxebarri;Renta total;19802
Etxebarri;Renta del trabajo;14187
Etxebarri;Renta capital mobiliario;456
Etxebarri;Renta capital inmobiliario;245
Etxebarri;Renta de actividades;989
Etxebarri;Transferencias;3924
Etxebarri;Renta disponible;16847
Etxebarria;Renta total;20497
Etxebarria;Renta del trabajo;12865
Etxebarria;Renta capital mobiliario;1170
Etxebarria;Renta capital inmobiliario;224
Etxebarria;Renta de actividades;1041
Etxebarria;Transferencias;5196
Etxebarria;Renta disponible;17444
Ezkio-Itsaso;Renta total;25070
Ezkio-Itsaso;Renta del trabajo;14674
Ezkio-Itsaso;Renta capital mobiliario;2184
Ezkio-Itsaso;Renta capital inmobiliario;262
Ezkio-Itsaso;Renta de actividades;1621
Ezkio-Itsaso;Transferencias;6328
Ezkio-Itsaso;Renta disponible;21246
Forua;Renta total;18908
Forua;Renta del trabajo;11436
Forua;Renta capital mobiliario;1194
Forua;Renta capital inmobiliario;291
Forua;Renta de actividades;969
Forua;Transferencias;5018
Forua;Renta disponible;15941
Fruiz;Renta total;21506
Fruiz;Renta del trabajo;14405
Fruiz;Renta capital mobiliario;950
Fruiz;Renta capital inmobiliario;388
Fruiz;Renta de actividades;855
Fruiz;Transferencias;4908
Fruiz;Renta disponible;18049
Gabiria;Renta total;25703
Gabiria;Renta del trabajo;15603
Gabiria;Renta capital mobiliario;2120
Gabiria;Renta capital inmobiliario;314
Gabiria;Renta de actividades;1723
Gabiria;Transferencias;5943
Gabiria;Renta disponible;21458
Gaintza;Renta total;20694
Gaintza;Renta del trabajo;11778
Gaintza;Renta capital mobiliario;705
Gaintza;Renta capital inmobiliario;579
Gaintza;Renta de actividades;1210
Gaintza;Transferencias;6422
Gaintza;Renta disponible;17580
Galdakao;Renta total;20225
Galdakao;Renta del trabajo;12969
Galdakao;Renta capital mobiliario;794
Galdakao;Renta capital inmobiliario;337
Galdakao;Renta de actividades;852
Galdakao;Transferencias;5272
Galdakao;Renta disponible;16935
Galdames;Renta total;19103
Galdames;Renta del trabajo;11474
Galdames;Renta capital mobiliario;547
Galdames;Renta capital inmobiliario;271
Galdames;Renta de actividades;948
Galdames;Transferencias;5863
Galdames;Renta disponible;16276
Gamiz-Fika;Renta total;23989
Gamiz-Fika;Renta del trabajo;14611
Gamiz-Fika;Renta capital mobiliario;1661
Gamiz-Fika;Renta capital inmobiliario;714
Gamiz-Fika;Renta de actividades;1843
Gamiz-Fika;Transferencias;5161
Gamiz-Fika;Renta disponible;19451
Garai;Renta total;29092
Garai;Renta del trabajo;19112
Garai;Renta capital mobiliario;1981
Garai;Renta capital inmobiliario;1865
Garai;Renta de actividades;1088
Garai;Transferencias;5045
Garai;Renta disponible;23169
Gatika;Renta total;21963
Gatika;Renta del trabajo;14856
Gatika;Renta capital mobiliario;591
Gatika;Renta capital inmobiliario;419
Gatika;Renta de actividades;1015
Gatika;Transferencias;5081
Gatika;Renta disponible;18256
Gautegiz Arteaga;Renta total;23012
Gautegiz Arteaga;Renta del trabajo;14563
Gautegiz Arteaga;Renta capital mobiliario;1313
Gautegiz Arteaga;Renta capital inmobiliario;572
Gautegiz Arteaga;Renta de actividades;1110
Gautegiz Arteaga;Transferencias;5453
Gautegiz Arteaga;Renta disponible;18809
Gaztelu;Renta total;18677
Gaztelu;Renta del trabajo;10252
Gaztelu;Renta capital mobiliario;425
Gaztelu;Renta capital inmobiliario;251
Gaztelu;Renta de actividades;1141
Gaztelu;Transferencias;6608
Gaztelu;Renta disponible;16381
Gernika-Lumo;Renta total;19806
Gernika-Lumo;Renta del trabajo;11864
Gernika-Lumo;Renta capital mobiliario;1539
Gernika-Lumo;Renta capital inmobiliario;343
Gernika-Lumo;Renta de actividades;997
Gernika-Lumo;Transferencias;5063
Gernika-Lumo;Renta disponible;16628
Getaria;Renta total;21885
Getaria;Renta del trabajo;13081
Getaria;Renta capital mobiliario;791
Getaria;Renta capital inmobiliario;720
Getaria;Renta de actividades;2171
Getaria;Transferencias;5121
Getaria;Renta disponible;18263
Getxo;Renta total;27067
Getxo;Renta del trabajo;15301
Getxo;Renta capital mobiliario;3248
Getxo;Renta capital inmobiliario;786
Getxo;Renta de actividades;1693
Getxo;Transferencias;6039
Getxo;Renta disponible;21402
Gizaburuaga;Renta total;22462
Gizaburuaga;Renta del trabajo;15065
Gizaburuaga;Renta capital mobiliario;2122
Gizaburuaga;Renta capital inmobiliario;277
Gizaburuaga;Renta de actividades;452
Gizaburuaga;Transferencias;4547
Gizaburuaga;Renta disponible;18736
Gordexola;Renta total;21356
Gordexola;Renta del trabajo;13652
Gordexola;Renta capital mobiliario;1068
Gordexola;Renta capital inmobiliario;344
Gordexola;Renta de actividades;1227
Gordexola;Transferencias;5066
Gordexola;Renta disponible;17766
Gorliz;Renta total;22435
Gorliz;Renta del trabajo;14866
Gorliz;Renta capital mobiliario;1067
Gorliz;Renta capital inmobiliario;551
Gorliz;Renta de actividades;1131
Gorliz;Transferencias;4820
Gorliz;Renta disponible;18454
Güeñes;Renta total;17269
Güeñes;Renta del trabajo;10992
Güeñes;Renta capital mobiliario;457
Güeñes;Renta capital inmobiliario;227
Güeñes;Renta de actividades;812
Güeñes;Transferencias;4782
Güeñes;Renta disponible;14856
Harana/Valle de Arana;Renta total;15174
Harana/Valle de Arana;Renta del trabajo;5524
Harana/Valle de Arana;Renta capital mobiliario;525
Harana/Valle de Arana;Renta capital inmobiliario;242
Harana/Valle de Arana;Renta de actividades;2436
Harana/Valle de Arana;Transferencias;6447
Harana/Valle de Arana;Renta disponible;13547
Hernani;Renta total;19190
Hernani;Renta del trabajo;11674
Hernani;Renta capital mobiliario;783
Hernani;Renta capital inmobiliario;381
Hernani;Renta de actividades;822
Hernani;Transferencias;5530
Hernani;Renta disponible;16452
Hernialde;Renta total;20692
Hernialde;Renta del trabajo;12030
Hernialde;Renta capital mobiliario;914
Hernialde;Renta capital inmobiliario;830
Hernialde;Renta de actividades;1160
Hernialde;Transferencias;5759
Hernialde;Renta disponible;17676
Hondarribia;Renta total;23016
Hondarribia;Renta del trabajo;12594
Hondarribia;Renta capital mobiliario;2115
Hondarribia;Renta capital inmobiliario;913
Hondarribia;Renta de actividades;1625
Hondarribia;Transferencias;5769
Hondarribia;Renta disponible;19001
Ibarra;Renta total;19272
Ibarra;Renta del trabajo;11412
Ibarra;Renta capital mobiliario;715
Ibarra;Renta capital inmobiliario;228
Ibarra;Renta de actividades;725
Ibarra;Transferencias;6193
Ibarra;Renta disponible;16540
Ibarrangelu;Renta total;24324
Ibarrangelu;Renta del trabajo;15039
Ibarrangelu;Renta capital mobiliario;1145
Ibarrangelu;Renta capital inmobiliario;469
Ibarrangelu;Renta de actividades;1312
Ibarrangelu;Transferencias;6360
Ibarrangelu;Renta disponible;19969
Idiazabal;Renta total;25546
Idiazabal;Renta del trabajo;15030
Idiazabal;Renta capital mobiliario;2226
Idiazabal;Renta capital inmobiliario;384
Idiazabal;Renta de actividades;877
Idiazabal;Transferencias;7029
Idiazabal;Renta disponible;21551
Igorre;Renta total;19589
Igorre;Renta del trabajo;12768
Igorre;Renta capital mobiliario;734
Igorre;Renta capital inmobiliario;319
Igorre;Renta de actividades;734
Igorre;Transferencias;5034
Igorre;Renta disponible;16603
Ikaztegieta;Renta total;22130
Ikaztegieta;Renta del trabajo;10924
Ikaztegieta;Renta capital mobiliario;3921
Ikaztegieta;Renta capital inmobiliario;539
Ikaztegieta;Renta de actividades;862
Ikaztegieta;Transferencias;5884
Ikaztegieta;Renta disponible;18850
Irun;Renta total;17671
Irun;Renta del trabajo;10344
Irun;Renta capital mobiliario;697
Irun;Renta capital inmobiliario;444
Irun;Renta de actividades;966
Irun;Transferencias;5221
Irun;Renta disponible;15122
Iruña Oka/Iruña de Oca;Renta total;19904
Iruña Oka/Iruña de Oca;Renta del trabajo;14277
Iruña Oka/Iruña de Oca;Renta capital mobiliario;547
Iruña Oka/Iruña de Oca;Renta capital inmobiliario;386
Iruña Oka/Iruña de Oca;Renta de actividades;1069
Iruña Oka/Iruña de Oca;Transferencias;3625
Iruña Oka/Iruña de Oca;Renta disponible;16735
Irura;Renta total;22453
Irura;Renta del trabajo;16371
Irura;Renta capital mobiliario;608
Irura;Renta capital inmobiliario;446
Irura;Renta de actividades;1095
Irura;Transferencias;3933
Irura;Renta disponible;18926
Iruraiz-Gauna;Renta total;19358
Iruraiz-Gauna;Renta del trabajo;11881
Iruraiz-Gauna;Renta capital mobiliario;706
Iruraiz-Gauna;Renta capital inmobiliario;816
Iruraiz-Gauna;Renta de actividades;2351
Iruraiz-Gauna;Transferencias;3604
Iruraiz-Gauna;Renta disponible;16466
Ispaster;Renta total;20003
Ispaster;Renta del trabajo;12516
Ispaster;Renta capital mobiliario;987
Ispaster;Renta capital inmobiliario;199
Ispaster;Renta de actividades;1002
Ispaster;Transferencias;5299
Ispaster;Renta disponible;16826
Itsasondo;Renta total;19647
Itsasondo;Renta del trabajo;12029
Itsasondo;Renta capital mobiliario;865
Itsasondo;Renta capital inmobiliario;156
Itsasondo;Renta de actividades;1011
Itsasondo;Transferencias;5586
Itsasondo;Renta disponible;16903
Iurreta;Renta total;18125
Iurreta;Renta del trabajo;11233
Iurreta;Renta capital mobiliario;549
Iurreta;Renta capital inmobiliario;241
Iurreta;Renta de actividades;750
Iurreta;Transferencias;5352
Iurreta;Renta disponible;15478
Izurtza;Renta total;22738
Izurtza;Renta del trabajo;12872
Izurtza;Renta capital mobiliario;1772
Izurtza;Renta capital inmobiliario;790
Izurtza;Renta de actividades;1573
Izurtza;Transferencias;5732
Izurtza;Renta disponible;19063
Karrantza Harana/Valle de Carranza;Renta total;13431
Karrantza Harana/Valle de Carranza;Renta del trabajo;5876
Karrantza Harana/Valle de Carranza;Renta capital mobiliario;398
Karrantza Harana/Valle de Carranza;Renta capital inmobiliario;237
Karrantza Harana/Valle de Carranza;Renta de actividades;1939
Karrantza Harana/Valle de Carranza;Transferencias;4981
Karrantza Harana/Valle de Carranza;Renta disponible;11928
Kortezubi;Renta total;21268
Kortezubi;Renta del trabajo;13430
Kortezubi;Renta capital mobiliario;1533
Kortezubi;Renta capital inmobiliario;314
Kortezubi;Renta de actividades;1444
Kortezubi;Transferencias;4548
Kortezubi;Renta disponible;17979
Kripan;Renta total;15306
Kripan;Renta del trabajo;5908
Kripan;Renta capital mobiliario;463
Kripan;Renta capital inmobiliario;136
Kripan;Renta de actividades;5061
Kripan;Transferencias;3737
Kripan;Renta disponible;13392
Kuartango;Renta total;20931
Kuartango;Renta del trabajo;12787
Kuartango;Renta capital mobiliario;462
Kuartango;Renta capital inmobiliario;411
Kuartango;Renta de actividades;1608
Kuartango;Transferencias;5662
Kuartango;Renta disponible;17771
Labastida/Bastida;Renta total;16763
Labastida/Bastida;Renta del trabajo;8317
Labastida/Bastida;Renta capital mobiliario;935
Labastida/Bastida;Renta capital inmobiliario;240
Labastida/Bastida;Renta de actividades;2505
Labastida/Bastida;Transferencias;4766
Labastida/Bastida;Renta disponible;14337
Lagrán;Renta total;18608
Lagrán;Renta del trabajo;8209
Lagrán;Renta capital mobiliario;584
Lagrán;Renta capital inmobiliario;304
Lagrán;Renta de actividades;1679
Lagrán;Transferencias;7831
Lagrán;Renta disponible;15879
Laguardia;Renta total;17730
Laguardia;Renta del trabajo;8724
Laguardia;Renta capital mobiliario;609
Laguardia;Renta capital inmobiliario;554
Laguardia;Renta de actividades;3563
Laguardia;Transferencias;4280
Laguardia;Renta disponible;15037
Lanciego/Lantziego;Renta total;13902
Lanciego/Lantziego;Renta del trabajo;5243
Lanciego/Lantziego;Renta capital mobiliario;438
Lanciego/Lantziego;Renta capital inmobiliario;448
Lanciego/Lantziego;Renta de actividades;3619
Lanciego/Lantziego;Transferencias;4154
Lanciego/Lantziego;Renta disponible;12289
Lanestosa;Renta total;13489
Lanestosa;Renta del trabajo;5972
Lanestosa;Renta capital mobiliario;1343
Lanestosa;Renta capital inmobiliario;415
Lanestosa;Renta de actividades;633
Lanestosa;Transferencias;5126
Lanestosa;Renta disponible;11890
Lantarón;Renta total;17564
Lantarón;Renta del trabajo;9089
Lantarón;Renta capital mobiliario;1924
Lantarón;Renta capital inmobiliario;404
Lantarón;Renta de actividades;1451
Lantarón;Transferencias;4696
Lantarón;Renta disponible;14752
Lapuebla de Labarca;Renta total;14937
Lapuebla de Labarca;Renta del trabajo;6898
Lapuebla de Labarca;Renta capital mobiliario;415
Lapuebla de Labarca;Renta capital inmobiliario;293
Lapuebla de Labarca;Renta de actividades;3455
Lapuebla de Labarca;Transferencias;3876
Lapuebla de Labarca;Renta disponible;13051
Larrabetzu;Renta total;22609
Larrabetzu;Renta del trabajo;15590
Larrabetzu;Renta capital mobiliario;920
Larrabetzu;Renta capital inmobiliario;361
Larrabetzu;Renta de actividades;881
Larrabetzu;Transferencias;4858
Larrabetzu;Renta disponible;18778
Larraul;Renta total;20634
Larraul;Renta del trabajo;15257
Larraul;Renta capital mobiliario;374
Larraul;Renta capital inmobiliario;509
Larraul;Renta de actividades;1325
Larraul;Transferencias;3169
Larraul;Renta disponible;17312
Lasarte-Oria;Renta total;18603
Lasarte-Oria;Renta del trabajo;10700
Lasarte-Oria;Renta capital mobiliario;577
Lasarte-Oria;Renta capital inmobiliario;308
Lasarte-Oria;Renta de actividades;720
Lasarte-Oria;Transferencias;6298
Lasarte-Oria;Renta disponible;16032
Laudio/Llodio;Renta total;18628
Laudio/Llodio;Renta del trabajo;10747
Laudio/Llodio;Renta capital mobiliario;873
Laudio/Llodio;Renta capital inmobiliario;240
Laudio/Llodio;Renta de actividades;672
Laudio/Llodio;Transferencias;6097
Laudio/Llodio;Renta disponible;15841
Laukiz;Renta total;31275
Laukiz;Renta del trabajo;16351
Laukiz;Renta capital mobiliario;4987
Laukiz;Renta capital inmobiliario;1272
Laukiz;Renta de actividades;3735
Laukiz;Transferencias;4930
Laukiz;Renta disponible;24530
Lazkao;Renta total;22433
Lazkao;Renta del trabajo;14506
Lazkao;Renta capital mobiliario;1314
Lazkao;Renta capital inmobiliario;269
Lazkao;Renta de actividades;719
Lazkao;Transferencias;5624
Lazkao;Renta disponible;18975
Leaburu;Renta total;19018
Leaburu;Renta del trabajo;9560
Leaburu;Renta capital mobiliario;1107
Leaburu;Renta capital inmobiliario;115
Leaburu;Renta de actividades;1692
Leaburu;Transferencias;6543
Leaburu;Renta disponible;16504
Legazpi;Renta total;21625
Legazpi;Renta del trabajo;12738
Legazpi;Renta capital mobiliario;1001
Legazpi;Renta capital inmobiliario;210
Legazpi;Renta de actividades;700
Legazpi;Transferencias;6977
Legazpi;Renta disponible;18511
Legorreta;Renta total;20518
Legorreta;Renta del trabajo;12215
Legorreta;Renta capital mobiliario;914
Legorreta;Renta capital inmobiliario;234
Legorreta;Renta de actividades;660
Legorreta;Transferencias;6494
Legorreta;Renta disponible;17577
Legutio;Renta total;21351
Legutio;Renta del trabajo;13661
Legutio;Renta capital mobiliario;1033
Legutio;Renta capital inmobiliario;330
Legutio;Renta de actividades;1129
Legutio;Transferencias;5199
Legutio;Renta disponible;17802
Leintz-Gatzaga;Renta total;24816
Leintz-Gatzaga;Renta del trabajo;14583
Leintz-Gatzaga;Renta capital mobiliario;1879
Leintz-Gatzaga;Renta capital inmobiliario;207
Leintz-Gatzaga;Renta de actividades;1429
Leintz-Gatzaga;Transferencias;6719
Leintz-Gatzaga;Renta disponible;20701
Leioa;Renta total;21350
Leioa;Renta del trabajo;14250
Leioa;Renta capital mobiliario;906
Leioa;Renta capital inmobiliario;386
Leioa;Renta de actividades;1004
Leioa;Transferencias;4803
Leioa;Renta disponible;17674
Lekeitio;Renta total;18770
Lekeitio;Renta del trabajo;10927
Lekeitio;Renta capital mobiliario;1069
Lekeitio;Renta capital inmobiliario;290
Lekeitio;Renta de actividades;1030
Lekeitio;Transferencias;5453
Lekeitio;Renta disponible;15927
Lemoa;Renta total;19045
Lemoa;Renta del trabajo;13266
Lemoa;Renta capital mobiliario;391
Lemoa;Renta capital inmobiliario;233
Lemoa;Renta de actividades;757
Lemoa;Transferencias;4398
Lemoa;Renta disponible;16198
Lemoiz;Renta total;22969
Lemoiz;Renta del trabajo;16142
Lemoiz;Renta capital mobiliario;891
Lemoiz;Renta capital inmobiliario;700
Lemoiz;Renta de actividades;889
Lemoiz;Transferencias;4348
Lemoiz;Renta disponible;19018
Leza;Renta total;25136
Leza;Renta del trabajo;7073
Leza;Renta capital mobiliario;7372
Leza;Renta capital inmobiliario;575
Leza;Renta de actividades;4375
Leza;Transferencias;5741
Leza;Renta disponible;21027
Lezama;Renta total;23871
Lezama;Renta del trabajo;15864
Lezama;Renta capital mobiliario;1316
Lezama;Renta capital inmobiliario;542
Lezama;Renta de actividades;1174
Lezama;Transferencias;4975
Lezama;Renta disponible;19315
Lezo;Renta total;18427
Lezo;Renta del trabajo;11551
Lezo;Renta capital mobiliario;558
Lezo;Renta capital inmobiliario;279
Lezo;Renta de actividades;886
Lezo;Transferencias;5152
Lezo;Renta disponible;15904
Lizartza;Renta total;18882
Lizartza;Renta del trabajo;11065
Lizartza;Renta capital mobiliario;557
Lizartza;Renta capital inmobiliario;269
Lizartza;Renta de actividades;715
Lizartza;Transferencias;6275
Lizartza;Renta disponible;16424
Loiu;Renta total;23942
Loiu;Renta del trabajo;15769
Loiu;Renta capital mobiliario;1454
Loiu;Renta capital inmobiliario;728
Loiu;Renta de actividades;1352
Loiu;Transferencias;4638
Loiu;Renta disponible;19319
Mallabia;Renta total;21164
Mallabia;Renta del trabajo;13210
Mallabia;Renta capital mobiliario;866
Mallabia;Renta capital inmobiliario;350
Mallabia;Renta de actividades;1272
Mallabia;Transferencias;5467
Mallabia;Renta disponible;17849
Mañaria;Renta total;21051
Mañaria;Renta del trabajo;12570
Mañaria;Renta capital mobiliario;2155
Mañaria;Renta capital inmobiliario;371
Mañaria;Renta de actividades;1271
Mañaria;Transferencias;4684
Mañaria;Renta disponible;17498
Markina-Xemein;Renta total;19736
Markina-Xemein;Renta del trabajo;12426
Markina-Xemein;Renta capital mobiliario;1127
Markina-Xemein;Renta capital inmobiliario;326
Markina-Xemein;Renta de actividades;1076
Markina-Xemein;Transferencias;4782
Markina-Xemein;Renta disponible;16772
Maruri-Jatabe;Renta total;24690
Maruri-Jatabe;Renta del trabajo;16061
Maruri-Jatabe;Renta capital mobiliario;1065
Maruri-Jatabe;Renta capital inmobiliario;867
Maruri-Jatabe;Renta de actividades;1252
Maruri-Jatabe;Transferencias;5446
Maruri-Jatabe;Renta disponible;20195
Mendaro;Renta total;21901
Mendaro;Renta del trabajo;15213
Mendaro;Renta capital mobiliario;515
Mendaro;Renta capital inmobiliario;213
Mendaro;Renta de actividades;873
Mendaro;Transferencias;5086
Mendaro;Renta disponible;18503
Mendata;Renta total;21245
Mendata;Renta del trabajo;13286
Mendata;Renta capital mobiliario;1002
Mendata;Renta capital inmobiliario;349
Mendata;Renta de actividades;999
Mendata;Transferencias;5609
Mendata;Renta disponible;17954
Mendexa;Renta total;20137
Mendexa;Renta del trabajo;11557
Mendexa;Renta capital mobiliario;978
Mendexa;Renta capital inmobiliario;736
Mendexa;Renta de actividades;1909
Mendexa;Transferencias;4957
Mendexa;Renta disponible;16905
Meñaka;Renta total;21992
Meñaka;Renta del trabajo;13215
Meñaka;Renta capital mobiliario;1407
Meñaka;Renta capital inmobiliario;610
Meñaka;Renta de actividades;1112
Meñaka;Transferencias;5647
Meñaka;Renta disponible;18557
Moreda de Álava/Moreda Araba;Renta total;15043
Moreda de Álava/Moreda Araba;Renta del trabajo;6785
Moreda de Álava/Moreda Araba;Renta capital mobiliario;439
Moreda de Álava/Moreda Araba;Renta capital inmobiliario;146
Moreda de Álava/Moreda Araba;Renta de actividades;3206
Moreda de Álava/Moreda Araba;Transferencias;4467
Moreda de Álava/Moreda Araba;Renta disponible;12980
Morga;Renta total;20956
Morga;Renta del trabajo;11345
Morga;Renta capital mobiliario;1736
Morga;Renta capital inmobiliario;642
Morga;Renta de actividades;1686
Morga;Transferencias;5547
Morga;Renta disponible;17535
Mundaka;Renta total;23422
Mundaka;Renta del trabajo;12311
Mundaka;Renta capital mobiliario;4662
Mundaka;Renta capital inmobiliario;453
Mundaka;Renta de actividades;913
Mundaka;Transferencias;5084
Mundaka;Renta disponible;19253
Mungia;Renta total;22739
Mungia;Renta del trabajo;15099
Mungia;Renta capital mobiliario;1439
Mungia;Renta capital inmobiliario;548
Mungia;Renta de actividades;1213
Mungia;Transferencias;4439
Mungia;Renta disponible;18575
Munitibar-Arbatzegi Gerrikaitz;Renta total;18350
Munitibar-Arbatzegi Gerrikaitz;Renta del trabajo;10594
Munitibar-Arbatzegi Gerrikaitz;Renta capital mobiliario;1047
Munitibar-Arbatzegi Gerrikaitz;Renta capital inmobiliario;159
Munitibar-Arbatzegi Gerrikaitz;Renta de actividades;1175
Munitibar-Arbatzegi Gerrikaitz;Transferencias;5375
Munitibar-Arbatzegi Gerrikaitz;Renta disponible;15813
Murueta;Renta total;23879
Murueta;Renta del trabajo;17411
Murueta;Renta capital mobiliario;1144
Murueta;Renta capital inmobiliario;247
Murueta;Renta de actividades;766
Murueta;Transferencias;4310
Murueta;Renta disponible;19392
Muskiz;Renta total;18243
Muskiz;Renta del trabajo;12142
Muskiz;Renta capital mobiliario;427
Muskiz;Renta capital inmobiliario;252
Muskiz;Renta de actividades;678
Muskiz;Transferencias;4744
Muskiz;Renta disponible;15416
Mutiloa;Renta total;26500
Mutiloa;Renta del trabajo;16045
Mutiloa;Renta capital mobiliario;2015
Mutiloa;Renta capital inmobiliario;360
Mutiloa;Renta de actividades;2479
Mutiloa;Transferencias;5601
Mutiloa;Renta disponible;22478
Mutriku;Renta total;20482
Mutriku;Renta del trabajo;13383
Mutriku;Renta capital mobiliario;580
Mutriku;Renta capital inmobiliario;268
Mutriku;Renta de actividades;794
Mutriku;Transferencias;5457
Mutriku;Renta disponible;17493
Muxika;Renta total;19902
Muxika;Renta del trabajo;12849
Muxika;Renta capital mobiliario;868
Muxika;Renta capital inmobiliario;291
Muxika;Renta de actividades;775
Muxika;Transferencias;5120
Muxika;Renta disponible;16835
Nabarniz;Renta total;21475
Nabarniz;Renta del trabajo;15429
Nabarniz;Renta capital mobiliario;624
Nabarniz;Renta capital inmobiliario;229
Nabarniz;Renta de actividades;867
Nabarniz;Transferencias;4327
Nabarniz;Renta disponible;17906
Navaridas;Renta total;11156
Navaridas;Renta del trabajo;3098
Navaridas;Renta capital mobiliario;250
Navaridas;Renta capital inmobiliario;324
Navaridas;Renta de actividades;5456
Navaridas;Transferencias;2029
Navaridas;Renta disponible;9679
Oiartzun;Renta total;20797
Oiartzun;Renta del trabajo;12695
Oiartzun;Renta capital mobiliario;1071
Oiartzun;Renta capital inmobiliario;668
Oiartzun;Renta de actividades;1130
Oiartzun;Transferencias;5231
Oiartzun;Renta disponible;17613
Okondo;Renta total;17374
Okondo;Renta del trabajo;11742
Okondo;Renta capital mobiliario;318
Okondo;Renta capital inmobiliario;276
Okondo;Renta de actividades;811
Okondo;Transferencias;4227
Okondo;Renta disponible;14729
Olaberria;Renta total;22558
Olaberria;Renta del trabajo;14168
Olaberria;Renta capital mobiliario;911
Olaberria;Renta capital inmobiliario;149
Olaberria;Renta de actividades;500
Olaberria;Transferencias;6830
Olaberria;Renta disponible;19055
Ondarroa;Renta total;17255
Ondarroa;Renta del trabajo;9949
Ondarroa;Renta capital mobiliario;1062
Ondarroa;Renta capital inmobiliario;298
Ondarroa;Renta de actividades;663
Ondarroa;Transferencias;5283
Ondarroa;Renta disponible;14889
Oñati;Renta total;25336
Oñati;Renta del trabajo;14521
Oñati;Renta capital mobiliario;2337
Oñati;Renta capital inmobiliario;275
Oñati;Renta de actividades;824
Oñati;Transferencias;7379
Oñati;Renta disponible;21622
Ordizia;Renta total;21639
Ordizia;Renta del trabajo;13089
Ordizia;Renta capital mobiliario;1246
Ordizia;Renta capital inmobiliario;323
Ordizia;Renta de actividades;826
Ordizia;Transferencias;6155
Ordizia;Renta disponible;18238
Orendain;Renta total;24578
Orendain;Renta del trabajo;15831
Orendain;Renta capital mobiliario;1409
Orendain;Renta capital inmobiliario;1262
Orendain;Renta de actividades;1674
Orendain;Transferencias;4401
Orendain;Renta disponible;20501
Orexa;Renta total;23697
Orexa;Renta del trabajo;15958
Orexa;Renta capital mobiliario;1086
Orexa;Renta capital inmobiliario;142
Orexa;Renta de actividades;807
Orexa;Transferencias;5705
Orexa;Renta disponible;20221
Orio;Renta total;21640
Orio;Renta del trabajo;13797
Orio;Renta capital mobiliario;1121
Orio;Renta capital inmobiliario;565
Orio;Renta de actividades;1149
Orio;Transferencias;5008
Orio;Renta disponible;18288
Ormaiztegi;Renta total;24737
Ormaiztegi;Renta del trabajo;14333
Ormaiztegi;Renta capital mobiliario;3088
Ormaiztegi;Renta capital inmobiliario;252
Ormaiztegi;Renta de actividades;635
Ormaiztegi;Transferencias;6428
Ormaiztegi;Renta disponible;21074
Orozko;Renta total;20465
Orozko;Renta del trabajo;13157
Orozko;Renta capital mobiliario;1015
Orozko;Renta capital inmobiliario;305
Orozko;Renta de actividades;979
Orozko;Transferencias;5009
Orozko;Renta disponible;17203
Ortuella;Renta total;16141
Ortuella;Renta del trabajo;9915
Ortuella;Renta capital mobiliario;290
Ortuella;Renta capital inmobiliario;148
Ortuella;Renta de actividades;590
Ortuella;Transferencias;5198
Ortuella;Renta disponible;13980
Otxandio;Renta total;20194
Otxandio;Renta del trabajo;13259
Otxandio;Renta capital mobiliario;751
Otxandio;Renta capital inmobiliario;315
Otxandio;Renta de actividades;680
Otxandio;Transferencias;5189
Otxandio;Renta disponible;17216
Oyón-Oion;Renta total;16544
Oyón-Oion;Renta del trabajo;9677
Oyón-Oion;Renta capital mobiliario;833
Oyón-Oion;Renta capital inmobiliario;368
Oyón-Oion;Renta de actividades;1631
Oyón-Oion;Transferencias;4035
Oyón-Oion;Renta disponible;14121
Pasaia;Renta total;16658
Pasaia;Renta del trabajo;9703
Pasaia;Renta capital mobiliario;442
Pasaia;Renta capital inmobiliario;219
Pasaia;Renta de actividades;673
Pasaia;Transferencias;5620
Pasaia;Renta disponible;14549
Peñacerrada-Urizaharra;Renta total;23723
Peñacerrada-Urizaharra;Renta del trabajo;14678
Peñacerrada-Urizaharra;Renta capital mobiliario;406
Peñacerrada-Urizaharra;Renta capital inmobiliario;768
Peñacerrada-Urizaharra;Renta de actividades;2721
Peñacerrada-Urizaharra;Transferencias;5150
Peñacerrada-Urizaharra;Renta disponible;19404
Plentzia;Renta total;22374
Plentzia;Renta del trabajo;14469
Plentzia;Renta capital mobiliario;1273
Plentzia;Renta capital inmobiliario;536
Plentzia;Renta de actividades;1164
Plentzia;Transferencias;4932
Plentzia;Renta disponible;18292
Portugalete;Renta total;17425
Portugalete;Renta del trabajo;10225
Portugalete;Renta capital mobiliario;532
Portugalete;Renta capital inmobiliario;225
Portugalete;Renta de actividades;590
Portugalete;Transferencias;5853
Portugalete;Renta disponible;14932
Ribera Baja/Erribera Beitia;Renta total;18221
Ribera Baja/Erribera Beitia;Renta del trabajo;12779
Ribera Baja/Erribera Beitia;Renta capital mobiliario;550
Ribera Baja/Erribera Beitia;Renta capital inmobiliario;259
Ribera Baja/Erribera Beitia;Renta de actividades;962
Ribera Baja/Erribera Beitia;Transferencias;3671
Ribera Baja/Erribera Beitia;Renta disponible;15286
Samaniego;Renta total;17518
Samaniego;Renta del trabajo;8286
Samaniego;Renta capital mobiliario;415
Samaniego;Renta capital inmobiliario;576
Samaniego;Renta de actividades;4631
Samaniego;Transferencias;3610
Samaniego;Renta disponible;14952
San Millán/Donemiliaga;Renta total;19762
San Millán/Donemiliaga;Renta del trabajo;11626
San Millán/Donemiliaga;Renta capital mobiliario;626
San Millán/Donemiliaga;Renta capital inmobiliario;380
San Millán/Donemiliaga;Renta de actividades;2195
San Millán/Donemiliaga;Transferencias;4934
San Millán/Donemiliaga;Renta disponible;16861
Santurtzi;Renta total;16818
Santurtzi;Renta del trabajo;10114
Santurtzi;Renta capital mobiliario;431
Santurtzi;Renta capital inmobiliario;238
Santurtzi;Renta de actividades;645
Santurtzi;Transferencias;5390
Santurtzi;Renta disponible;14460
Segura;Renta total;23792
Segura;Renta del trabajo;14671
Segura;Renta capital mobiliario;1892
Segura;Renta capital inmobiliario;286
Segura;Renta de actividades;663
Segura;Transferencias;6280
Segura;Renta disponible;20163
Sestao;Renta total;15057
Sestao;Renta del trabajo;8323
Sestao;Renta capital mobiliario;320
Sestao;Renta capital inmobiliario;137
Sestao;Renta de actividades;479
Sestao;Transferencias;5798
Sestao;Renta disponible;13206
Sondika;Renta total;21447
Sondika;Renta del trabajo;14211
Sondika;Renta capital mobiliario;1016
Sondika;Renta capital inmobiliario;496
Sondika;Renta de actividades;886
Sondika;Transferencias;4837
Sondika;Renta disponible;17713
Sopela;Renta total;23112
Sopela;Renta del trabajo;16390
Sopela;Renta capital mobiliario;771
Sopela;Renta capital inmobiliario;463
Sopela;Renta de actividades;1131
Sopela;Transferencias;4357
Sopela;Renta disponible;18970
Sopuerta;Renta total;18100
Sopuerta;Renta del trabajo;10852
Sopuerta;Renta capital mobiliario;836
Sopuerta;Renta capital inmobiliario;247
Sopuerta;Renta de actividades;808
Sopuerta;Transferencias;5357
Sopuerta;Renta disponible;15486
Soraluze/Placencia de las Armas;Renta total;19093
Soraluze/Placencia de las Armas;Renta del trabajo;10700
Soraluze/Placencia de las Armas;Renta capital mobiliario;902
Soraluze/Placencia de las Armas;Renta capital inmobiliario;261
Soraluze/Placencia de las Armas;Renta de actividades;596
Soraluze/Placencia de las Armas;Transferencias;6634
Soraluze/Placencia de las Armas;Renta disponible;16488
Sukarrieta;Renta total;28445
Sukarrieta;Renta del trabajo;13012
Sukarrieta;Renta capital mobiliario;4485
Sukarrieta;Renta capital inmobiliario;927
Sukarrieta;Renta de actividades;3451
Sukarrieta;Transferencias;6570
Sukarrieta;Renta disponible;22395
Tolosa;Renta total;22454
Tolosa;Renta del trabajo;13372
Tolosa;Renta capital mobiliario;1159
Tolosa;Renta capital inmobiliario;552
Tolosa;Renta de actividades;907
Tolosa;Transferencias;6464
Tolosa;Renta disponible;18927
Trucios-Turtzioz;Renta total;15532
Trucios-Turtzioz;Renta del trabajo;7926
Trucios-Turtzioz;Renta capital mobiliario;1038
Trucios-Turtzioz;Renta capital inmobiliario;206
Trucios-Turtzioz;Renta de actividades;1320
Trucios-Turtzioz;Transferencias;5042
Trucios-Turtzioz;Renta disponible;13173
Ubide;Renta total;17997
Ubide;Renta del trabajo;11821
Ubide;Renta capital mobiliario;309
Ubide;Renta capital inmobiliario;152
Ubide;Renta de actividades;529
Ubide;Transferencias;5187
Ubide;Renta disponible;15430
Ugao-Miraballes;Renta total;18100
Ugao-Miraballes;Renta del trabajo;11609
Ugao-Miraballes;Renta capital mobiliario;490
Ugao-Miraballes;Renta capital inmobiliario;325
Ugao-Miraballes;Renta de actividades;633
Ugao-Miraballes;Transferencias;5043
Ugao-Miraballes;Renta disponible;15441
Urdúliz;Renta total;21310
Urdúliz;Renta del trabajo;14785
Urdúliz;Renta capital mobiliario;826
Urdúliz;Renta capital inmobiliario;396
Urdúliz;Renta de actividades;1006
Urdúliz;Transferencias;4298
Urdúliz;Renta disponible;17812
Urduña/Orduña;Renta total;18107
Urduña/Orduña;Renta del trabajo;10695
Urduña/Orduña;Renta capital mobiliario;681
Urduña/Orduña;Renta capital inmobiliario;226
Urduña/Orduña;Renta de actividades;798
Urduña/Orduña;Transferencias;5706
Urduña/Orduña;Renta disponible;15462
Urkabustaiz;Renta total;19968
Urkabustaiz;Renta del trabajo;13819
Urkabustaiz;Renta capital mobiliario;644
Urkabustaiz;Renta capital inmobiliario;301
Urkabustaiz;Renta de actividades;1272
Urkabustaiz;Transferencias;3932
Urkabustaiz;Renta disponible;16741
Urnieta;Renta total;19559
Urnieta;Renta del trabajo;12904
Urnieta;Renta capital mobiliario;647
Urnieta;Renta capital inmobiliario;376
Urnieta;Renta de actividades;1064
Urnieta;Transferencias;4569
Urnieta;Renta disponible;16640
Urretxu;Renta total;22372
Urretxu;Renta del trabajo;13722
Urretxu;Renta capital mobiliario;1260
Urretxu;Renta capital inmobiliario;311
Urretxu;Renta de actividades;898
Urretxu;Transferencias;6181
Urretxu;Renta disponible;19062
Usurbil;Renta total;20979
Usurbil;Renta del trabajo;13088
Usurbil;Renta capital mobiliario;833
Usurbil;Renta capital inmobiliario;373
Usurbil;Renta de actividades;1016
Usurbil;Transferencias;5669
Usurbil;Renta disponible;17862
Valdegovía/Gaubea;Renta total;18402
Valdegovía/Gaubea;Renta del trabajo;9780
Valdegovía/Gaubea;Renta capital mobiliario;831
Valdegovía/Gaubea;Renta capital inmobiliario;349
Valdegovía/Gaubea;Renta de actividades;1674
Valdegovía/Gaubea;Transferencias;5767
Valdegovía/Gaubea;Renta disponible;15772
Valle de Trápaga-Trapagaran;Renta total;16936
Valle de Trápaga-Trapagaran;Renta del trabajo;10259
Valle de Trápaga-Trapagaran;Renta capital mobiliario;441
Valle de Trápaga-Trapagaran;Renta capital inmobiliario;187
Valle de Trápaga-Trapagaran;Renta de actividades;647
Valle de Trápaga-Trapagaran;Transferencias;5403
Valle de Trápaga-Trapagaran;Renta disponible;14566
Villabona;Renta total;19216
Villabona;Renta del trabajo;11678
Villabona;Renta capital mobiliario;723
Villabona;Renta capital inmobiliario;324
Villabona;Renta de actividades;839
Villabona;Transferencias;5651
Villabona;Renta disponible;16439
Villabuena de Álava/Eskuernaga;Renta total;15476
Villabuena de Álava/Eskuernaga;Renta del trabajo;3830
Villabuena de Álava/Eskuernaga;Renta capital mobiliario;695
Villabuena de Álava/Eskuernaga;Renta capital inmobiliario;473
Villabuena de Álava/Eskuernaga;Renta de actividades;6536
Villabuena de Álava/Eskuernaga;Transferencias;3943
Villabuena de Álava/Eskuernaga;Renta disponible;13475
Vitoria-Gasteiz;Renta total;20115
Vitoria-Gasteiz;Renta del trabajo;12404
Vitoria-Gasteiz;Renta capital mobiliario;1028
Vitoria-Gasteiz;Renta capital inmobiliario;415
Vitoria-Gasteiz;Renta de actividades;754
Vitoria-Gasteiz;Transferencias;5514
Vitoria-Gasteiz;Renta disponible;16848
Yécora/Iekora;Renta total;16040
Yécora/Iekora;Renta del trabajo;4133
Yécora/Iekora;Renta capital mobiliario;853
Yécora/Iekora;Renta capital inmobiliario;387
Yécora/Iekora;Renta de actividades;6956
Yécora/Iekora;Transferencias;3712
Yécora/Iekora;Renta disponible;13780
Zaldibar;Renta total;22319
Zaldibar;Renta del trabajo;13603
Zaldibar;Renta capital mobiliario;2296
Zaldibar;Renta capital inmobiliario;370
Zaldibar;Renta de actividades;803
Zaldibar;Transferencias;5247
Zaldibar;Renta disponible;18696
Zaldibia;Renta total;22200
Zaldibia;Renta del trabajo;12698
Zaldibia;Renta capital mobiliario;1184
Zaldibia;Renta capital inmobiliario;347
Zaldibia;Renta de actividades;913
Zaldibia;Transferencias;7058
Zaldibia;Renta disponible;18924
Zalduondo;Renta total;24493
Zalduondo;Renta del trabajo;13703
Zalduondo;Renta capital mobiliario;4472
Zalduondo;Renta capital inmobiliario;97
Zalduondo;Renta de actividades;1788
Zalduondo;Transferencias;4433
Zalduondo;Renta disponible;20136
Zalla;Renta total;17391
Zalla;Renta del trabajo;10616
Zalla;Renta capital mobiliario;438
Zalla;Renta capital inmobiliario;308
Zalla;Renta de actividades;898
Zalla;Transferencias;5129
Zalla;Renta disponible;14896
Zambrana;Renta total;17440
Zambrana;Renta del trabajo;10850
Zambrana;Renta capital mobiliario;306
Zambrana;Renta capital inmobiliario;288
Zambrana;Renta de actividades;671
Zambrana;Transferencias;5325
Zambrana;Renta disponible;14881
Zamudio;Renta total;20201
Zamudio;Renta del trabajo;12203
Zamudio;Renta capital mobiliario;1655
Zamudio;Renta capital inmobiliario;460
Zamudio;Renta de actividades;812
Zamudio;Transferencias;5072
Zamudio;Renta disponible;17081
Zaratamo;Renta total;18387
Zaratamo;Renta del trabajo;11174
Zaratamo;Renta capital mobiliario;581
Zaratamo;Renta capital inmobiliario;309
Zaratamo;Renta de actividades;764
Zaratamo;Transferencias;5558
Zaratamo;Renta disponible;15721
Zarautz;Renta total;22765
Zarautz;Renta del trabajo;13644
Zarautz;Renta capital mobiliario;1632
Zarautz;Renta capital inmobiliario;752
Zarautz;Renta de actividades;1200
Zarautz;Transferencias;5538
Zarautz;Renta disponible;18902
Zeanuri;Renta total;22949
Zeanuri;Renta del trabajo;14714
Zeanuri;Renta capital mobiliario;1138
Zeanuri;Renta capital inmobiliario;277
Zeanuri;Renta de actividades;1246
Zeanuri;Transferencias;5574
Zeanuri;Renta disponible;19116
Zeberio;Renta total;20409
Zeberio;Renta del trabajo;13376
Zeberio;Renta capital mobiliario;745
Zeberio;Renta capital inmobiliario;391
Zeberio;Renta de actividades;883
Zeberio;Transferencias;5014
Zeberio;Renta disponible;17094
Zegama;Renta total;22455
Zegama;Renta del trabajo;13719
Zegama;Renta capital mobiliario;1641
Zegama;Renta capital inmobiliario;260
Zegama;Renta de actividades;899
Zegama;Transferencias;5938
Zegama;Renta disponible;19275
Zerain;Renta total;25027
Zerain;Renta del trabajo;14280
Zerain;Renta capital mobiliario;2318
Zerain;Renta capital inmobiliario;241
Zerain;Renta de actividades;1054
Zerain;Transferencias;7135
Zerain;Renta disponible;20945
Zestoa;Renta total;19388
Zestoa;Renta del trabajo;11549
Zestoa;Renta capital mobiliario;633
Zestoa;Renta capital inmobiliario;229
Zestoa;Renta de actividades;1251
Zestoa;Transferencias;5726
Zestoa;Renta disponible;16680
Zierbena;Renta total;20962
Zierbena;Renta del trabajo;13948
Zierbena;Renta capital mobiliario;883
Zierbena;Renta capital inmobiliario;591
Zierbena;Renta de actividades;1007
Zierbena;Transferencias;4532
Zierbena;Renta disponible;17427
Zigoitia;Renta total;25338
Zigoitia;Renta del trabajo;16105
Zigoitia;Renta capital mobiliario;1589
Zigoitia;Renta capital inmobiliario;870
Zigoitia;Renta de actividades;1461
Zigoitia;Transferencias;5312
Zigoitia;Renta disponible;20704
Ziortza-Bolibar;Renta total;20846
Ziortza-Bolibar;Renta del trabajo;12350
Ziortza-Bolibar;Renta capital mobiliario;1653
Ziortza-Bolibar;Renta capital inmobiliario;294
Ziortza-Bolibar;Renta de actividades;1495
Ziortza-Bolibar;Transferencias;5055
Ziortza-Bolibar;Renta disponible;17749
Zizurkil;Renta total;20115
Zizurkil;Renta del trabajo;12138
Zizurkil;Renta capital mobiliario;969
Zizurkil;Renta capital inmobiliario;521
Zizurkil;Renta de actividades;703
Zizurkil;Transferencias;5784
Zizurkil;Renta disponible;17222
Zuia;Renta total;24566
Zuia;Renta del trabajo;17102
Zuia;Renta capital mobiliario;911
Zuia;Renta capital inmobiliario;470
Zuia;Renta de actividades;1438
Zuia;Transferencias;4645
Zuia;Renta disponible;19919
Zumaia;Renta total;22234
Zumaia;Renta del trabajo;13480
Zumaia;Renta capital mobiliario;1673
Zumaia;Renta capital inmobiliario;436
Zumaia;Renta de actividades;984
Zumaia;Transferencias;5662
Zumaia;Renta disponible;18725
Zumarraga;Renta total;20472
Zumarraga;Renta del trabajo;12189
Zumarraga;Renta capital mobiliario;788
Zumarraga;Renta capital inmobiliario;209
Zumarraga;Renta de actividades;706
Zumarraga;Transferencias;6579
Zumarraga;Renta disponible;17701